{
  "Author": "Eris",
  "Name": "Gnome and Worgen Removal",
  "InternalName": "PotatoFamine2",
  "AssemblyVersion": "2.0.0.2",
  "Description": "Removes Gnomes and Worgens",
  "ApplicableVersion": "any",
  "RepoUrl": "https://github.com/Eris-Cloud/GnomeandWorgenremover/tree/main",
  "Tags": [
    "lala",
    "lalafell"
  ],
  "DalamudApiLevel": 9,
  "LoadRequiredState": 0,
  "Changelog": null,
  "LoadSync": false,
  "CanUnloadAsync": false,
  "LoadPriority": 0,
  "ImageUrls": null,
  "IconUrl": "https://raw.githubusercontent.com/Eris-Cloud/GnomeandWorgenremover/main/Resources/Icons/PotatoFamine2.png",
  "Punchline": "game playable",
  "AcceptsFeedback": true,
}