{
  "Author": "Eris",
  "Name": "Gnome and Worgen Removal",
  "InternalName": "PotatoFamine2",
  "AssemblyVersion": "2.0.0.2",
  "Description": "Removes Gnomes and Worgens",
  "ApplicableVersion": "any",
  "RepoUrl": "https://github.com/Eris-Cloud/GnomeandWorgenremover/tree/main",
  "Tags": [
    "lala",
    "lalafell"
  ],
  "DalamudApiLevel": 9,
  "LoadRequiredState": 0,
  "Changelog": null,
  "LoadSync": false,
  "CanUnloadAsync": false,
  "LoadPriority": 0,
    "ImageUrls": [
    "https://user-images.githubusercontent.com/47415874/233871863-846e1485-fd0f-429e-bc23-3f6009478a16.png"
  ],
  "Punchline": "game playable",
  "AcceptsFeedback": true,
}