{
  "Disabled": false,
  "Testing": false,
  "ScheduledForDeletion": false,
  "InstalledFromUrl": "",
  "WorkingPluginId": "2bf446a9-e71b-462a-a749-6156af2c56d3",
  "IsThirdParty": false,
  "EffectiveVersion": "2.0.0.2",
  "Author": "Eris",
  "Name": "Gnome and Worgen Removal",
  "Punchline": "game playable",
  "Description": "Removes Gnomes and Worgens",
  "Changelog": null,
  "Tags": [
    "lala",
    "lalafell",
  ],
  "CategoryTags": null,
  "IsHide": false,
  "InternalName": "Gnome and Worgen Removal",
  "AssemblyVersion": "2.0.0.2",
  "TestingAssemblyVersion": null,
  "IsTestingExclusive": false,
  "RepoUrl": "https://github.com/Eris-Cloud/GnomeandWorgenremover/tree/main",
  "ApplicableVersion": "any",
  "DalamudApiLevel": 9,
  "DownloadCount": 0,
  "LastUpdate": 0,
  "DownloadLinkInstall": null,
  "DownloadLinkUpdate": null,
  "DownloadLinkTesting": null,
  "LoadRequiredState": 0,
  "LoadSync": false,
  "LoadPriority": 0,
  "CanUnloadAsync": false,
  "SupportsProfiles": true,
  "ImageUrls": null,
  "IconUrl": "https://raw.githubusercontent.com/Eris-Cloud/GnomeandWorgenremover/main/Resources/Icons/PotatoFamine2.png",
  "AcceptsFeedback": true,
  "FeedbackMessage": null,
  "_Dip17Channel": null
}